Change, Chromosome, Minimum, Maximum, Reason Discarded
T -> C, 1, 1788755, 1788755, SNP in common
T -> C, 1, 1762188, 1762188, SNP in common
G -> T, 1, 1764108, 1764108, SNP in common
G -> T, 1, 1767129, 1767129, SNP in common
G -> T, 1, 1842388, 1842388, SNP in common
C -> T, 1, 1629254, 1629254, SNP in common
T -> C, 1, 1783348, 1783348, SNP in common
G -> T, 1, 1842485, 1842485, SNP in common
T -> G, 1, 1689642, 1689642, SNP in common
A -> G, 1, 1842384, 1842384, SNP in common
G -> A, 1, 1788796, 1788796, SNP in common
T -> C, 1, 1788864, 1788864, SNP in common
T -> C, 1, 1788868, 1788868, SNP in common
T -> C, 1, 2286546, 2286546, SNP in common
A -> G, 1, 1767042, 1767042, SNP in common
G -> C, 1, 1691363, 1691363, SNP in common
A -> G, 1, 1764025, 1764025, SNP in common
T -> C, 1, 1780320, 1780320, SNP in common
C -> T, 1, 1842355, 1842355, SNP in common
A -> T, 1, 1842427, 1842427, SNP in common
T -> G, 1, 1842326, 1842326, SNP in common
A -> T, 1, 1691390, 1691390, SNP in common
A -> G, 1, 1764021, 1764021, SNP in common
G -> A, 1, 1692042, 1692042, SNP in common
A -> G, 1, 1767046, 1767046, SNP in common
G -> A, 1, 1769370, 1769370, SNP in common
G -> A, 1, 1629196, 1629196, SNP in common
A -> G, 1, 2282973, 2282973, SNP in common
T -> A, 1, 129018, 129018, SNP in common
G -> C, 1, 1762802, 1762802, SNP in common
C -> T, 1, 1842323, 1842323, SNP in common
A -> G, 1, 2283050, 2283050, SNP in common
T -> C, 1, 2286469, 2286469, SNP in common
C -> T, 1, 2871378, 2871378, SNP in common
C -> T, 1, 1767114, 1767114, SNP in common
A -> G, 1, 1691220, 1691220, SNP in common
C -> T, 1, 1764093, 1764093, SNP in common
T -> A, 1, 113855, 113855, SNP in common
A -> G, 1, 1762827, 1762827, SNP in common
A -> C, 1, 115511, 115511, SNP in common
G -> T, 1, 1691265, 1691265, SNP in common
G -> C, 1, 2106011, 2106011, SNP in common
T -> C, 1, 113883, 113883, SNP in common
T -> C, 1, 1781005, 1781005, SNP in common
C -> T, 1, 1691234, 1691234, SNP in common
T -> C, 1, 1784033, 1784033, SNP in common
G -> A, 1, 1692020, 1692020, SNP in common
C -> T, 1, 1629091, 1629091, SNP in common
C -> T, 1, 1691253, 1691253, SNP in common
C -> T, 1, 1629118, 1629118, SNP in common
G -> T, 1, 2490523, 2490523, SNP in common
C -> T, 1, 1691852, 1691852, SNP in common
A -> G, 1, 2875518, 2875518, SNP in common
A -> C, 1, 125491, 125491, SNP in common
G -> A, 1, 125490, 125490, SNP in common
G -> A, 1, 1585819, 1585819, SNP in common
C -> T, 1, 1691705, 1691705, SNP in common
T -> A, 1, 125494, 125494, SNP in common
C -> A, 1, 1786564, 1786564, SNP in common
A -> G, 1, 125497, 125497, SNP in common
A -> T, 1, 1786550, 1786550, SNP in common
C -> T, 1, 1786551, 1786551, SNP in common
T -> A, 1, 1786558, 1786558, SNP in common
G -> T, 1, 125499, 125499, SNP in common
A -> T, 1, 1780504, 1780504, SNP in common
C -> T, 1, 1780505, 1780505, SNP in common
T -> A, 1, 1780512, 1780512, SNP in common
C -> A, 1, 1783546, 1783546, below 80%
C -> A, 1, 1691723, 1691723, below 80%
T -> A, 1, 1783540, 1783540, below 80%
C -> A, 1, 1780518, 1780518, below 80%
A -> T, 1, 1783532, 1783532, below 80%
C -> T, 1, 1783533, 1783533, below 80%
C -> T, 1, 125508, 125508, below 80%
C -> T, 1, 1672160, 1672160, below 80%
G -> A, 1, 125514, 125514, below 80%
T -> A, 1, 1691744, 1691744, below 80%
G -> A, 1, 125523, 125523, below 80%
G -> C, 1, 1759501, 1759501, below 80%
T -> C, 1, 1672163, 1672163, below 80%
C -> G, 1, 125517, 125517, below 80%
A -> G, 1, 128502, 128502, below 80%
A -> G, 1, 1759492, 1759492, below 80%
G -> A, 1, 1761784, 1761784, below 80%
T -> C, 1, 1672175, 1672175, below 80%
C -> T, 1, 1785594, 1785594, below 80%
C -> A, 1, 117631, 117631, below 80%
C -> T, 1, 1785026, 1785026, below 80%
T -> C, 1, 1784875, 1784875, below 80%
C -> T, 1, 1672187, 1672187, below 80%
T -> A, 1, 1771562, 1771562, below 80%
A -> T, 1, 1789572, 1789572, below 80%
G -> A, 1, 2282847, 2282847, below 80%
A -> G, 1, 1761974, 1761974, below 80%
C -> A, 1, 1789586, 1789586, below 80%
G -> A, 1, 1761823, 1761823, below 80%
C -> T, 1, 1789573, 1789573, below 80%
G -> A, 1, 2286999, 2286999, below 80%
G -> A, 1, 1770289, 1770289, below 80%
T -> A, 1, 1789580, 1789580, below 80%
T -> C, 1, 1770891, 1770891, below 80%
C -> G, 1, 1785000, 1785000, below 80%
A -> T, 1, 1770867, 1770867, below 80%
T -> C, 1, 1672193, 1672193, below 80%
C -> T, 1, 2286672, 2286672, below 80%
G -> A, 1, 1770887, 1770887, below 80%
T -> C, 1, 1790915, 1790915, below 80%
G -> A, 1, 1770895, 1770895, below 80%
C -> T, 1, 2282520, 2282520, below 80%
A -> G, 1, 1761833, 1761833, below 80%
C -> G, 1, 1791040, 1791040, below 80%
T -> A, 1, 1672208, 1672208, below 80%
A -> G, 1, 1783667, 1783667, below 80%
A -> T, 1, 1778285, 1778285, below 80%
A -> G, 1, 1761841, 1761841, below 80%
A -> T, 1, 123451, 123451, below 80%
G -> A, 1, 1778266, 1778266, below 80%
G -> C, 1, 1761849, 1761849, below 80%
A -> G, 1, 1785040, 1785040, below 80%
T -> A, 1, 123475, 123475, below 80%
C -> T, 1, 123482, 123482, below 80%
A -> G, 1, 123436, 123436, below 80%
G -> A, 1, 122285, 122285, below 80%
T -> C, 1, 1766203, 1766203, below 80%
T -> C, 1, 1791048, 1791048, below 80%
C -> T, 1, 1791066, 1791066, below 80%
A -> T, 1, 1785038, 1785038, below 80%
A -> G, 1, 1786685, 1786685, below 80%
T -> C, 1, 1791056, 1791056, below 80%
T -> G, 1, 123496, 123496, below 80%
G -> A, 1, 123500, 123500, below 80%
A -> G, 1, 130541, 130541, below 80%
A -> G, 1, 1780639, 1780639, below 80%
A -> G, 1, 43977, 43977, below 80%
T -> C, 1, 1785008, 1785008, below 80%
A -> G, 1, 125158, 125158, below 80%
T -> C, 1, 1769224, 1769224, below 80%
T -> A, 1, 130580, 130580, below 80%
C -> T, 1, 130587, 130587, below 80%
G -> A, 1, 125961, 125961, below 80%
A -> T, 1, 130556, 130556, below 80%
T -> C, 1, 1785016, 1785016, below 80%
A -> T, 1, 127163, 127163, below 80%
T -> G, 1, 4, 4, below 80%
G -> A, 1, 1785033, 1785033, below 80%
A -> G, 1, 127148, 127148, below 80%
T -> G, 1, 130601, 130601, below 80%
G -> A, 1, 130605, 130605, below 80%
T -> G, 1, 127208, 127208, below 80%
G -> A, 1, 129354, 129354, below 80%
T -> A, 1, 127187, 127187, below 80%
A -> G, 1, 1762339, 1762339, below 80%
C -> T, 1, 1771581, 1771581, below 80%
G -> A, 1, 127212, 127212, below 80%
C -> T, 1, 127194, 127194, below 80%
C -> T, 1, 3133560, 3133560, below 80%
C -> A, 1, 1785030, 1785030, below 80%
C -> T, 1, 1791105, 1791105, below 80%
C -> T, 1, 2, 2, below 80%
A -> C, 2, 43826, 43826, SNP in common
G -> T, 2, 1558124, 1558124, SNP in common
A -> G, 2, 1558630, 1558630, SNP in common
G -> C, 2, 1558653, 1558653, SNP in common
T -> A, 2, 1557819, 1557819, SNP in common
C -> G, 2, 1566681, 1566681, SNP in common
T -> C, 2, 1539498, 1539498, SNP in common
G -> C, 2, 1558135, 1558135, SNP in common
G -> A, 2, 1558657, 1558657, SNP in common
A -> T, 2, 1558067, 1558067, SNP in common
G -> C, 2, 1558680, 1558680, SNP in common
T -> C, 2, 1564095, 1564095, SNP in common
C -> A, 2, 1564067, 1564067, SNP in common
G -> A, 2, 537596, 537596, SNP in common
A -> C, 2, 1564094, 1564094, SNP in common
A -> G, 2, 1566942, 1566942, SNP in common
T -> C, 2, 1564058, 1564058, SNP in common
A -> G, 2, 1564060, 1564060, SNP in common
C -> T, 2, 1564085, 1564085, SNP in common
C -> T, 2, 43862, 43862, SNP in common
A -> G, 2, 1568019, 1568019, SNP in common
C -> A, 2, 1566809, 1566809, SNP in common
G -> C, 2, 1358693, 1358693, SNP in common
T -> A, 2, 24589, 24589, SNP in common
A -> G, 2, 829243, 829243, SNP in common
A -> C, 2, 1571872, 1571872, below 80%
T -> G, 2, 1566535, 1566535, below 80%
A -> C, 2, 1566536, 1566536, below 80%
A -> C, 2, 1566537, 1566537, below 80%
C -> T, 2, 43760, 43760, below 80%
C -> T, 2, 1566620, 1566620, below 80%
A -> T, 2, 1566621, 1566621, below 80%
G -> A, 2, 1566549, 1566549, below 80%
A -> G, 2, 1587081, 1587081, below 80%
G -> A, 2, 594134, 594134, below 80%
G -> A, 2, 1558023, 1558023, below 80%
A -> T, 2, 594145, 594145, below 80%
G -> A, 2, 1556938, 1556938, below 80%
G -> A, 2, 1558022, 1558022, below 80%
G -> A, 2, 1558018, 1558018, below 80%
G -> C, 2, 1558511, 1558511, below 80%
G -> C, 2, 1556927, 1556927, below 80%
A -> T, 2, 1558014, 1558014, below 80%
C -> T, 2, 594173, 594173, below 80%
G -> C, 2, 1556920, 1556920, below 80%
T -> C, 2, 43569, 43569, below 80%
T -> C, 2, 1556921, 1556921, below 80%
T -> C, 2, 1556911, 1556911, below 80%
C -> G, 2, 43584, 43584, below 80%
T -> C, 2, 43581, 43581, below 80%
T -> C, 2, 43642, 43642, below 80%
C -> A, 2, 1571917, 1571917, below 80%
A -> C, 2, 1571746, 1571746, below 80%
G -> A, 2, 43685, 43685, below 80%
C -> T, 2, 1556899, 1556899, below 80%
A -> G, 2, 1580330, 1580330, below 80%
G -> T, 2, 594274, 594274, below 80%
G -> T, 2, 43666, 43666, below 80%
A -> G, 2, 594290, 594290, below 80%
C -> T, 2, 1580370, 1580370, below 80%
C -> T, 2, 591890, 591890, below 80%
C -> T, 2, 1575609, 1575609, below 80%
G -> T, 2, 591991, 591991, below 80%
T -> C, 2, 1564879, 1564879, below 80%
T -> C, 2, 1571900, 1571900, below 80%
T -> C, 2, 598351, 598351, below 80%
C -> T, 2, 1575478, 1575478, below 80%
A -> G, 2, 592007, 592007, below 80%
T -> C, 2, 1575458, 1575458, below 80%
T -> C, 2, 1571797, 1571797, below 80%
T -> G, 2, 34, 34, below 80%
T -> C, 2, 1571925, 1571925, below 80%
G -> C, 2, 33, 33, below 80%
A -> T, 2, 1564674, 1564674, below 80%
T -> C, 2, 591473, 591473, below 80%
T -> C, 2, 598398, 598398, below 80%
C -> A, 2, 1571706, 1571706, below 80%
T -> C, 2, 30, 30, below 80%
A -> C, 2, 1571357, 1571357, below 80%
A -> T, 2, 591862, 591862, below 80%
G -> A, 2, 598411, 598411, below 80%
T -> C, 2, 593756, 593756, below 80%
T -> C, 2, 1580345, 1580345, below 80%
G -> A, 2, 591851, 591851, below 80%
T -> C, 2, 1571945, 1571945, below 80%
G -> T, 2, 36, 36, below 80%
T -> C, 2, 591520, 591520, below 80%
T -> C, 2, 1571714, 1571714, below 80%
C -> T, 2, 1564913, 1564913, below 80%
G -> A, 2, 591533, 591533, below 80%
A -> C, 2, 1571444, 1571444, below 80%
C -> A, 2, 1571789, 1571789, below 80%
A -> C, 2, 1571375, 1571375, below 80%
T -> G, 3, 12860, 12860, SNP in common
G -> C, 3, 1348208, 1348208, SNP in common
T -> C, 3, 795543, 795543, SNP in common
T -> C, 3, 16021, 16021, SNP in common
G -> A, 3, 1348209, 1348209, SNP in common
A -> T, 3, 1302503, 1302503, SNP in common
G -> T, 3, 1301660, 1301660, SNP in common
C -> T, 3, 657610, 657610, SNP in common
G -> A, 3, 657636, 657636, SNP in common
A -> C, 3, 657618, 657618, SNP in common
T -> C, 3, 657621, 657621, SNP in common
G -> T, 3, 657633, 657633, SNP in common
A -> G, 3, 1302647, 1302647, SNP in common
T -> A, 3, 1301061, 1301061, SNP in common
A -> C, 3, 1279996, 1279996, below 80%
A -> T, 3, 1302715, 1302715, below 80%
A -> G, 3, 1301054, 1301054, below 80%
T -> A, 3, 1281438, 1281438, below 80%
A -> G, 3, 1298487, 1298487, below 80%
C -> T, 3, 1301613, 1301613, below 80%
C -> T, 3, 1297216, 1297216, below 80%
A -> G, 3, 1295193, 1295193, below 80%
C -> T, 3, 1296724, 1296724, below 80%
A -> T, 3, 1293866, 1293866, below 80%
G -> C, 3, 1297752, 1297752, below 80%
C -> T, 3, 1271484, 1271484, below 80%
A -> C, 3, 1295221, 1295221, below 80%
A -> C, 3, 1305758, 1305758, below 80%
T -> C, 3, 1295229, 1295229, below 80%
A -> C, 3, 1300552, 1300552, below 80%
T -> G, 3, 1295260, 1295260, below 80%
A -> T, 3, 1272325, 1272325, below 80%
T -> A, 3, 1281449, 1281449, below 80%
A -> C, 3, 1298515, 1298515, below 80%
C -> T, 3, 1297140, 1297140, below 80%
T -> A, 3, 1296708, 1296708, below 80%
C -> T, 3, 1302597, 1302597, below 80%
G -> A, 3, 1295264, 1295264, below 80%
T -> A, 3, 1295259, 1295259, below 80%
C -> T, 3, 1295266, 1295266, below 80%
C -> T, 3, 1407, 1407, below 80%
A -> T, 3, 1302492, 1302492, below 80%
C -> T, 3, 1297855, 1297855, below 80%
A -> T, 3, 1295267, 1295267, below 80%
T -> G, 3, 1298554, 1298554, below 80%
T -> C, 3, 1298523, 1298523, below 80%
A -> T, 3, 1278115, 1278115, below 80%
C -> T, 3, 1279961, 1279961, below 80%
T -> C, 3, 1295261, 1295261, below 80%
A -> T, 3, 1297113, 1297113, below 80%
C -> T, 3, 1271511, 1271511, below 80%
T -> A, 3, 1295271, 1295271, below 80%
T -> A, 3, 1298553, 1298553, below 80%
C -> T, 3, 1298560, 1298560, below 80%
A -> C, 3, 1272343, 1272343, below 80%
T -> C, 3, 1302661, 1302661, below 80%
G -> C, 3, 1295263, 1295263, below 80%
A -> C, 3, 1297892, 1297892, below 80%
T -> C, 3, 1298555, 1298555, below 80%
G -> C, 3, 1298557, 1298557, below 80%
A -> T, 3, 1298561, 1298561, below 80%
C -> T, 3, 1300018, 1300018, below 80%
T -> G, 3, 1271256, 1271256, below 80%
A -> G, 3, 1298470, 1298470, below 80%
C -> T, 3, 1301593, 1301593, below 80%
T -> A, 3, 1278112, 1278112, below 80%
A -> T, 3, 1269148, 1269148, below 80%
C -> T, 3, 1305350, 1305350, below 80%
G -> A, 3, 1298558, 1298558, below 80%
C -> T, 3, 1271362, 1271362, below 80%
A -> C, 3, 1278134, 1278134, below 80%
T -> A, 3, 1298565, 1298565, below 80%
T -> A, 3, 1269145, 1269145, below 80%
A -> C, 3, 1296671, 1296671, below 80%
T -> C, 3, 1305359, 1305359, below 80%
A -> C, 3, 1300191, 1300191, below 80%
C -> T, 3, 1302441, 1302441, below 80%
T -> C, 3, 1269097, 1269097, below 80%
G -> C, 3, 1297156, 1297156, below 80%
A -> G, 3, 1295176, 1295176, below 80%
C -> T, 3, 1271271, 1271271, below 80%
G -> A, 3, 660874, 660874, below 80%
T -> G, 3, 1304103, 1304103, below 80%
T -> A, 3, 1281460, 1281460, below 80%
G -> C, 3, 1295274, 1295274, below 80%
C -> T, 3, 1301043, 1301043, below 80%
A -> T, 3, 1269240, 1269240, below 80%
G -> T, 3, 1304109, 1304109, below 80%
A -> T, 3, 1297708, 1297708, below 80%
T -> A, 3, 1300002, 1300002, below 80%
C -> T, 3, 1272308, 1272308, below 80%
T -> A, 3, 1296690, 1296690, below 80%
C -> T, 3, 1270621, 1270621, below 80%
A -> T, 3, 1301752, 1301752, below 80%
A -> C, 3, 1296897, 1296897, below 80%
G -> C, 3, 1298568, 1298568, below 80%
G -> C, 3, 1271100, 1271100, below 80%
C -> T, 3, 1306082, 1306082, below 80%
C -> A, 3, 1301629, 1301629, below 80%
C -> T, 3, 1264794, 1264794, below 80%
T -> A, 3, 1301655, 1301655, below 80%
C -> G, 3, 1281425, 1281425, below 80%
T -> A, 3, 1297705, 1297705, below 80%
A -> C, 3, 1297366, 1297366, below 80%
T -> C, 3, 1301653, 1301653, below 80%
T -> C, 3, 1298569, 1298569, below 80%
T -> A, 3, 1280093, 1280093, below 80%
C -> T, 3, 1306128, 1306128, below 80%
C -> T, 3, 1272910, 1272910, below 80%
C -> T, 3, 1298572, 1298572, below 80%
A -> T, 3, 1301209, 1301209, below 80%
A -> T, 3, 1301654, 1301654, below 80%
A -> C, 3, 1298570, 1298570, below 80%
C -> T, 3, 1271149, 1271149, below 80%
A -> G, 3, 1270563, 1270563, below 80%
G -> C, 3, 1277394, 1277394, below 80%
T -> C, 3, 1298574, 1298574, below 80%
A -> C, 3, 1299965, 1299965, below 80%
A -> C, 3, 1303445, 1303445, below 80%
G -> A, 3, 662587, 662587, below 80%
A -> T, 3, 1270650, 1270650, below 80%
T -> A, 3, 1270244, 1270244, below 80%
A -> T, 3, 1277274, 1277274, below 80%
C -> T, 3, 1269071, 1269071, below 80%
T -> C, 3, 1272899, 1272899, below 80%
A -> G, 3, 1301032, 1301032, below 80%
A -> T, 3, 1265348, 1265348, below 80%
A -> T, 3, 1280096, 1280096, below 80%
C -> T, 3, 1277443, 1277443, below 80%
A -> C, 3, 1282921, 1282921, below 80%
C -> A, 3, 1301059, 1301059, below 80%
C -> T, 3, 1283504, 1283504, below 80%
A -> C, 3, 1301656, 1301656, below 80%
C -> T, 3, 1272239, 1272239, below 80%
T -> A, 3, 1272883, 1272883, below 80%
A -> C, 3, 1297132, 1297132, below 80%
C -> T, 3, 1305836, 1305836, below 80%
A -> C, 3, 1306120, 1306120, below 80%
C -> T, 3, 1297445, 1297445, below 80%
A -> T, 3, 1277787, 1277787, below 80%
G -> C, 3, 1283364, 1283364, below 80%
A -> T, 3, 1272412, 1272412, below 80%
C -> T, 3, 1281806, 1281806, below 80%
A -> T, 3, 1297664, 1297664, below 80%
T -> A, 3, 1298507, 1298507, below 80%
C -> T, 3, 1271342, 1271342, below 80%
T -> A, 3, 1272409, 1272409, below 80%
C -> T, 3, 1285193, 1285193, below 80%
C -> T, 3, 1271298, 1271298, below 80%
A -> G, 3, 1298575, 1298575, below 80%
C -> T, 3, 1271522, 1271522, below 80%
A -> T, 3, 1298243, 1298243, below 80%
T -> C, 3, 1302464, 1302464, below 80%
T -> A, 3, 1295213, 1295213, below 80%
A -> C, 3, 1301672, 1301672, below 80%
A -> G, 3, 1275838, 1275838, below 80%
A -> C, 3, 1298577, 1298577, below 80%
T -> A, 3, 1299984, 1299984, below 80%
T -> A, 3, 1294636, 1294636, below 80%
C -> T, 3, 1277046, 1277046, below 80%
T -> C, 3, 1272272, 1272272, below 80%
T -> A, 3, 1283398, 1283398, below 80%
G -> C, 3, 1285299, 1285299, below 80%
A -> T, 3, 1296793, 1296793, below 80%
T -> A, 3, 1305647, 1305647, below 80%
C -> T, 3, 1270181, 1270181, below 80%
A -> T, 3, 1300488, 1300488, below 80%
T -> A, 3, 1267304, 1267304, below 80%
A -> T, 3, 1269251, 1269251, below 80%
C -> T, 3, 1269943, 1269943, below 80%
C -> T, 3, 1297420, 1297420, below 80%
A -> C, 3, 1270252, 1270252, below 80%
T -> C, 3, 1272830, 1272830, below 80%
A -> G, 3, 1285154, 1285154, below 80%
A -> T, 3, 1278044, 1278044, below 80%
C -> T, 3, 1279107, 1279107, below 80%
A -> T, 3, 1300087, 1300087, below 80%
C -> T, 3, 1303449, 1303449, below 80%
C -> A, 3, 1303457, 1303457, below 80%
C -> T, 3, 1294628, 1294628, below 80%
C -> T, 3, 1297385, 1297385, below 80%
C -> T, 3, 1270170, 1270170, below 80%
C -> T, 3, 1282397, 1282397, below 80%
T -> G, 3, 1303456, 1303456, below 80%
T -> A, 3, 1283642, 1283642, below 80%
C -> T, 3, 1285160, 1285160, below 80%
C -> A, 3, 1270117, 1270117, below 80%
T -> A, 3, 1270983, 1270983, below 80%
G -> A, 3, 1265831, 1265831, below 80%
A -> C, 3, 1278658, 1278658, below 80%
C -> T, 3, 1279118, 1279118, below 80%
G -> C, 3, 1281159, 1281159, below 80%
T -> C, 3, 1302563, 1302563, below 80%
A -> T, 3, 1276521, 1276521, below 80%
T -> A, 3, 1283915, 1283915, below 80%
C -> T, 3, 1285238, 1285238, below 80%
C -> T, 3, 1300269, 1300269, below 80%
G -> A, 3, 1305665, 1305665, below 80%
C -> T, 3, 1272429, 1272429, below 80%
C -> T, 3, 1269044, 1269044, below 80%
T -> A, 3, 1303991, 1303991, below 80%
A -> C, 3, 1269016, 1269016, below 80%
C -> T, 3, 1300560, 1300560, below 80%
C -> T, 3, 1270215, 1270215, below 80%
A -> C, 3, 1298208, 1298208, below 80%
T -> C, 3, 1301744, 1301744, below 80%
T -> C, 3, 1297260, 1297260, below 80%
A -> T, 3, 1306055, 1306055, below 80%
C -> T, 3, 1305334, 1305334, below 80%
A -> T, 3, 1272068, 1272068, below 80%
A -> C, 3, 1278792, 1278792, below 80%
A -> C, 3, 1297773, 1297773, below 80%
C -> A, 3, 1299653, 1299653, below 80%
C -> A, 3, 1293874, 1293874, below 80%
C -> A, 3, 1302634, 1302634, below 80%
C -> T, 3, 1275942, 1275942, below 80%
C -> T, 3, 1282587, 1282587, below 80%
C -> T, 3, 1282784, 1282784, below 80%
C -> G, 3, 1293907, 1293907, below 80%
C -> T, 3, 1272026, 1272026, below 80%
A -> T, 3, 1272202, 1272202, below 80%
A -> C, 3, 1293795, 1293795, below 80%
A -> G, 3, 1298029, 1298029, below 80%
A -> C, 3, 1271121, 1271121, below 80%
A -> G, 3, 1269622, 1269622, below 80%
C -> T, 3, 1280602, 1280602, below 80%
T -> C, 3, 1266967, 1266967, below 80%
C -> T, 3, 1298579, 1298579, below 80%
A -> C, 3, 1687, 1687, below 80%
T -> C, 3, 1265339, 1265339, below 80%
C -> T, 3, 1303486, 1303486, below 80%
A -> T, 3, 1277647, 1277647, below 80%
C -> T, 3, 1296818, 1296818, below 80%
C -> T, 3, 1297095, 1297095, below 80%
A -> C, 3, 1285141, 1285141, below 80%
C -> T, 3, 1283062, 1283062, below 80%
A -> C, 3, 1297412, 1297412, below 80%
T -> C, 3, 1298000, 1298000, below 80%
A -> C, 3, 1264920, 1264920, below 80%
C -> A, 3, 1270794, 1270794, below 80%
A -> T, 3, 1278401, 1278401, below 80%
G -> A, 3, 1276359, 1276359, below 80%
A -> G, 3, 1280542, 1280542, below 80%
A -> T, 3, 1296979, 1296979, below 80%
A -> T, 3, 1271012, 1271012, below 80%
A -> C, 3, 1278879, 1278879, below 80%
C -> T, 3, 1269267, 1269267, below 80%
A -> T, 3, 1270791, 1270791, below 80%
A -> C, 3, 1301248, 1301248, below 80%
A -> T, 3, 1281790, 1281790, below 80%
T -> C, 3, 1300605, 1300605, below 80%
A -> T, 3, 1277362, 1277362, below 80%
C -> T, 3, 1269680, 1269680, below 80%
G -> T, 3, 1278877, 1278877, below 80%
C -> T, 3, 1300112, 1300112, below 80%
A -> T, 3, 1300228, 1300228, below 80%
A -> T, 3, 1275613, 1275613, below 80%
C -> T, 3, 1302796, 1302796, below 80%
A -> T, 3, 1277253, 1277253, below 80%
C -> T, 3, 1280124, 1280124, below 80%
T -> C, 3, 1275737, 1275737, below 80%
T -> C, 3, 1299661, 1299661, below 80%
A -> T, 3, 1281890, 1281890, below 80%
G -> A, 3, 1675, 1675, below 80%
A -> T, 3, 1283645, 1283645, below 80%
A -> T, 3, 1274808, 1274808, below 80%
G -> T, 3, 1271278, 1271278, below 80%
C -> T, 3, 1296838, 1296838, below 80%
C -> A, 3, 1267023, 1267023, below 80%
C -> T, 3, 1300132, 1300132, below 80%
C -> A, 3, 1296359, 1296359, below 80%
C -> T, 3, 1298259, 1298259, below 80%
C -> A, 3, 1275754, 1275754, below 80%
T -> A, 3, 1282560, 1282560, below 80%
T -> C, 3, 1301637, 1301637, below 80%
C -> T, 3, 1296798, 1296798, below 80%
A -> G, 3, 1305332, 1305332, below 80%
A -> T, 3, 1283376, 1283376, below 80%
T -> A, 3, 1275702, 1275702, below 80%
G -> C, 3, 1278433, 1278433, below 80%
C -> T, 3, 1293907, 1293907, below 80%
T -> C, 3, 1275867, 1275867, below 80%
C -> T, 3, 1277323, 1277323, below 80%
C -> A, 3, 1281843, 1281843, below 80%
A -> T, 3, 1297314, 1297314, below 80%
A -> C, 3, 1297682, 1297682, below 80%
A -> T, 3, 1281493, 1281493, below 80%
A -> G, 3, 1283425, 1283425, below 80%
C -> T, 3, 1297690, 1297690, below 80%
T -> C, 3, 1280078, 1280078, below 80%
T -> C, 3, 1301680, 1301680, below 80%
C -> A, 3, 1278365, 1278365, below 80%
T -> C, 3, 1297196, 1297196, below 80%
A -> T, 3, 1278706, 1278706, below 80%
C -> A, 3, 1294644, 1294644, below 80%
C -> T, 3, 1294698, 1294698, below 80%
C -> T, 3, 1305425, 1305425, below 80%
G -> C, 3, 1266012, 1266012, below 80%
C -> T, 3, 1277378, 1277378, below 80%
A -> G, 3, 1278058, 1278058, below 80%
C -> A, 3, 1283530, 1283530, below 80%
G -> T, 3, 1296268, 1296268, below 80%
T -> A, 3, 1297358, 1297358, below 80%
A -> T, 3, 1277558, 1277558, below 80%
C -> T, 3, 1279980, 1279980, below 80%
T -> C, 3, 1297440, 1297440, below 80%
C -> T, 3, 1300092, 1300092, below 80%
C -> T, 3, 1305856, 1305856, below 80%
A -> T, 3, 1302877, 1302877, below 80%
G -> T, 3, 1278668, 1278668, below 80%
A -> G, 3, 1296265, 1296265, below 80%
A -> T, 3, 1297443, 1297443, below 80%
C -> A, 3, 1301771, 1301771, below 80%
A -> C, 3, 1276446, 1276446, below 80%
C -> T, 3, 1303167, 1303167, below 80%
A -> T, 3, 1275396, 1275396, below 80%
A -> C, 3, 1268970, 1268970, below 80%
G -> C, 3, 1276442, 1276442, below 80%
G -> T, 3, 1278057, 1278057, below 80%
T -> C, 3, 1280089, 1280089, below 80%
T -> C, 3, 1296367, 1296367, below 80%
T -> A, 3, 1270103, 1270103, below 80%
A -> T, 3, 1276445, 1276445, below 80%
A -> C, 3, 1279070, 1279070, below 80%
T -> A, 3, 1276449, 1276449, below 80%
T -> C, 3, 1280575, 1280575, below 80%
T -> A, 3, 1276447, 1276447, below 80%
A -> T, 3, 1283657, 1283657, below 80%
T -> A, 3, 1271450, 1271450, below 80%
T -> C, 3, 1271477, 1271477, below 80%
G -> A, 3, 1276444, 1276444, below 80%
C -> T, 3, 1269497, 1269497, below 80%
T -> C, 3, 1283368, 1283368, below 80%
A -> C, 3, 1297177, 1297177, below 80%
G -> T, 3, 1299562, 1299562, below 80%
G -> T, 4, 603896, 603896, SNP in common
C -> A, 4, 1052956, 1052956, SNP in common
T -> A, 4, 1052960, 1052960, SNP in common
T -> C, 4, 51530, 51530, SNP in common
T -> G, 4, 1052958, 1052958, SNP in common
A -> T, 4, 80832, 80832, SNP in common
A -> T, 4, 1044743, 1044743, SNP in common
T -> C, 4, 1046251, 1046251, SNP in common
T -> A, 4, 51502, 51502, SNP in common
A -> G, 4, 1046247, 1046247, SNP in common
C -> T, 4, 51255, 51255, SNP in common
T -> C, 4, 84872, 84872, SNP in common
T -> C, 4, 40118, 40118, SNP in common
T -> A, 4, 40090, 40090, SNP in common
C -> A, 4, 172, 172, SNP in common
T -> C, 4, 261619, 261619, SNP in common
A -> T, 4, 55430, 55430, SNP in common
T -> A, 4, 305815, 305815, SNP in common
A -> G, 4, 90450, 90450, below 80%
A -> G, 4, 90483, 90483, below 80%
C -> A, 4, 442214, 442214, below 80%
A -> G, 4, 19189, 19189, below 80%
A -> C, 4, 1043520, 1043520, below 80%
A -> G, 4, 77586, 77586, below 80%
C -> T, 4, 96770, 96770, below 80%
T -> A, 4, 1043600, 1043600, below 80%
T -> G, 4, 96759, 96759, below 80%
A -> T, 4, 96766, 96766, below 80%
A -> T, 4, 90576, 90576, below 80%
C -> T, 4, 90580, 90580, below 80%
T -> C, 4, 106675, 106675, below 80%
C -> G, 4, 106678, 106678, below 80%
T -> G, 4, 90569, 90569, below 80%
T -> C, 4, 106736, 106736, below 80%
G -> T, 4, 106760, 106760, below 80%
T -> C, 4, 106663, 106663, below 80%
G -> A, 4, 106779, 106779, below 80%
T -> C, 4, 1041243, 1041243, below 80%
A -> C, 4, 1041248, 1041248, below 80%
A -> G, 4, 1041250, 1041250, below 80%
A -> G, 4, 1041255, 1041255, below 80%
G -> T, 4, 1041254, 1041254, below 80%
A -> G, 4, 1041221, 1041221, below 80%
T -> C, 4, 435802, 435802, below 80%
C -> T, 4, 1042547, 1042547, below 80%
C -> A, 4, 80053, 80053, below 80%
T -> C, 4, 1042558, 1042558, below 80%
T -> C, 4, 438901, 438901, below 80%
A -> T, 4, 1041310, 1041310, below 80%
C -> A, 4, 72195, 72195, below 80%
C -> T, 4, 1043350, 1043350, below 80%
T -> C, 4, 442002, 442002, below 80%
C -> T, 4, 1041199, 1041199, below 80%
C -> T, 4, 106854, 106854, below 80%
C -> A, 4, 439113, 439113, below 80%
A -> G, 4, 1041474, 1041474, below 80%
A -> C, 4, 1043476, 1043476, below 80%
C -> A, 4, 1043598, 1043598, below 80%
C -> A, 5, 158, 158, SNP in common
G -> T, 5, 38121, 38121, SNP in common
C -> T, 5, 348227, 348227, SNP in common
A -> T, 5, 342664, 342664, SNP in common
T -> C, 5, 348225, 348225, SNP in common
A -> G, 5, 348241, 348241, SNP in common
A -> G, 5, 335476, 335476, SNP in common
A -> G, 5, 346292, 346292, SNP in common
A -> G, 5, 348240, 348240, SNP in common
C -> T, 5, 339964, 339964, SNP in common
T -> C, 5, 348224, 348224, SNP in common
C -> T, 5, 342508, 342508, SNP in common
A -> C, 5, 346293, 346293, SNP in common
C -> G, 5, 344492, 344492, SNP in common
G -> A, 5, 344495, 344495, SNP in common
C -> T, 5, 338526, 338526, SNP in common
C -> G, 5, 346296, 346296, SNP in common
C -> T, 5, 348249, 348249, SNP in common
T -> G, 5, 339921, 339921, SNP in common
A -> G, 5, 344488, 344488, SNP in common
A -> G, 5, 38097, 38097, SNP in common
G -> C, 5, 342637, 342637, SNP in common
A -> C, 5, 344489, 344489, SNP in common
A -> G, 5, 339927, 339927, SNP in common
G -> A, 5, 346299, 346299, SNP in common
G -> T, 5, 349452, 349452, SNP in common
C -> T, 5, 339945, 339945, SNP in common
C -> T, 5, 70462, 70462, SNP in common
C -> T, 5, 70450, 70450, SNP in common
C -> T, 5, 70315, 70315, SNP in common
T -> C, 5, 70312, 70312, SNP in common
T -> A, 5, 37670, 37670, below 80%
A -> T, 5, 29376, 29376, below 80%
C -> T, 5, 70334, 70334, below 80%
T -> A, 5, 29372, 29372, below 80%
T -> C, 5, 29375, 29375, below 80%
A -> C, 5, 29371, 29371, below 80%
T -> A, 5, 29369, 29369, below 80%
A -> T, 5, 29367, 29367, below 80%
G -> T, 5, 29366, 29366, below 80%
T -> G, 5, 29363, 29363, below 80%
C -> T, 5, 29364, 29364, below 80%
A -> G, 5, 29362, 29362, below 80%
C -> T, 5, 70369, 70369, below 80%
C -> A, 5, 29346, 29346, below 80%
C -> T, 5, 335549, 335549, below 80%
G -> T, 5, 29335, 29335, below 80%
T -> C, 5, 29334, 29334, below 80%
A -> T, 5, 37639, 37639, below 80%
C -> T, 5, 58131, 58131, below 80%
A -> T, 5, 29322, 29322, below 80%
T -> A, 5, 58130, 58130, below 80%
G -> A, 5, 29321, 29321, below 80%
C -> G, 5, 335583, 335583, below 80%
T -> C, 5, 29320, 29320, below 80%
C -> T, 5, 29319, 29319, below 80%
T -> C, 5, 29318, 29318, below 80%
T -> A, 5, 37636, 37636, below 80%
A -> T, 5, 29317, 29317, below 80%
A -> T, 5, 58128, 58128, below 80%
A -> T, 5, 58106, 58106, below 80%
A -> T, 5, 58126, 58126, below 80%
C -> T, 5, 58127, 58127, below 80%
C -> G, 5, 29312, 29312, below 80%
T -> A, 5, 29313, 29313, below 80%
A -> T, 5, 58125, 58125, below 80%
A -> T, 5, 29309, 29309, below 80%
A -> G, 5, 29307, 29307, below 80%
T -> A, 5, 58123, 58123, below 80%
T -> A, 5, 29305, 29305, below 80%
C -> T, 5, 29308, 29308, below 80%
C -> A, 5, 32974, 32974, below 80%
T -> G, 5, 58122, 58122, below 80%
A -> G, 5, 29306, 29306, below 80%
T -> G, 5, 335597, 335597, below 80%
G -> T, 5, 58120, 58120, below 80%
T -> A, 5, 29303, 29303, below 80%
T -> C, 5, 58114, 58114, below 80%
C -> G, 5, 335603, 335603, below 80%
T -> A, 5, 58102, 58102, below 80%
G -> T, 5, 58098, 58098, below 80%
T -> C, 5, 58107, 58107, below 80%
A -> T, 5, 58099, 58099, below 80%
T -> A, 5, 40314, 40314, below 80%
T -> A, 5, 58104, 58104, below 80%
G -> T, 5, 29301, 29301, below 80%
A -> G, 5, 58095, 58095, below 80%
G -> T, 5, 58105, 58105, below 80%
G -> A, 5, 58094, 58094, below 80%
A -> T, 5, 29299, 29299, below 80%
G -> T, 5, 37851, 37851, below 80%
G -> C, 5, 58109, 58109, below 80%
C -> A, 5, 58092, 58092, below 80%
T -> C, 5, 58096, 58096, below 80%
T -> G, 5, 58112, 58112, below 80%
T -> G, 5, 26792, 26792, below 80%
T -> C, 5, 40311, 40311, below 80%
G -> T, 5, 58090, 58090, below 80%
T -> A, 5, 40309, 40309, below 80%
T -> A, 5, 33109, 33109, below 80%
A -> G, 5, 40313, 40313, below 80%
C -> G, 5, 58087, 58087, below 80%
A -> G, 5, 29297, 29297, below 80%
T -> A, 5, 29298, 29298, below 80%
C -> T, 5, 33118, 33118, below 80%
C -> T, 5, 40312, 40312, below 80%
C -> G, 5, 40291, 40291, below 80%
C -> T, 5, 40310, 40310, below 80%
T -> C, 5, 29296, 29296, below 80%
T -> G, 5, 33102, 33102, below 80%
G -> A, 5, 33101, 33101, below 80%
T -> G, 5, 33126, 33126, below 80%
G -> A, 5, 40298, 40298, below 80%
G -> T, 5, 33125, 33125, below 80%
A -> G, 5, 40297, 40297, below 80%
A -> C, 5, 33108, 33108, below 80%
G -> C, 5, 40299, 40299, below 80%
C -> A, 5, 40306, 40306, below 80%
A -> T, 5, 33106, 33106, below 80%
G -> T, 5, 33100, 33100, below 80%
T -> C, 5, 40303, 40303, below 80%
T -> C, 5, 29294, 29294, below 80%
G -> T, 5, 33097, 33097, below 80%
A -> C, 5, 40305, 40305, below 80%
C -> A, 5, 33107, 33107, below 80%
T -> A, 5, 40300, 40300, below 80%
G -> T, 5, 40294, 40294, below 80%
A -> T, 5, 33089, 33089, below 80%
A -> T, 5, 40295, 40295, below 80%
A -> T, 5, 58082, 58082, below 80%
T -> G, 5, 58083, 58083, below 80%
G -> T, 5, 40304, 40304, below 80%
A -> T, 5, 40307, 40307, below 80%
T -> C, 5, 33103, 33103, below 80%
C -> G, 5, 40292, 40292, below 80%
A -> T, 5, 58079, 58079, below 80%
T -> A, 5, 33083, 33083, below 80%
C -> A, 5, 58081, 58081, below 80%
G -> T, 5, 33128, 33128, below 80%
G -> T, 5, 33129, 33129, below 80%
A -> C, 5, 58080, 58080, below 80%
T -> C, 5, 58041, 58041, below 80%
T -> G, 5, 32932, 32932, below 80%
T -> G, 5, 33076, 33076, below 80%
G -> A, 5, 33088, 33088, below 80%
G -> A, 5, 33092, 33092, below 80%
T -> A, 5, 39803, 39803, below 80%
T -> G, 5, 33080, 33080, below 80%
T -> G, 5, 33087, 33087, below 80%
A -> T, 5, 33093, 33093, below 80%
A -> T, 5, 29293, 29293, below 80%
T -> G, 5, 33091, 33091, below 80%
T -> C, 5, 58078, 58078, below 80%
C -> A, 5, 26794, 26794, below 80%
G -> A, 5, 32864, 32864, below 80%
T -> G, 5, 40248, 40248, below 80%
A -> T, 5, 33084, 33084, below 80%
A -> T, 5, 33082, 33082, below 80%
T -> C, 5, 33085, 33085, below 80%
A -> T, 5, 58070, 58070, below 80%
C -> T, 5, 33040, 33040, below 80%
A -> T, 5, 33078, 33078, below 80%
T -> A, 5, 33081, 33081, below 80%
G -> T, 5, 58065, 58065, below 80%
C -> T, 5, 33086, 33086, below 80%
T -> A, 5, 58075, 58075, below 80%
T -> A, 5, 33041, 33041, below 80%
T -> G, 5, 33045, 33045, below 80%
A -> T, 5, 33073, 33073, below 80%
G -> A, 5, 33077, 33077, below 80%
C -> A, 5, 58048, 58048, below 80%
C -> G, 5, 58059, 58059, below 80%
C -> T, 5, 33075, 33075, below 80%
T -> A, 5, 33132, 33132, below 80%
T -> G, 5, 58064, 58064, below 80%
G -> C, 5, 29292, 29292, below 80%
G -> A, 5, 33046, 33046, below 80%
G -> T, 5, 33047, 33047, below 80%
T -> A, 5, 33050, 33050, below 80%
T -> C, 5, 33074, 33074, below 80%
C -> T, 5, 33067, 33067, below 80%
A -> T, 5, 33071, 33071, below 80%
G -> A, 5, 58073, 58073, below 80%
A -> T, 5, 58038, 58038, below 80%
T -> A, 5, 33065, 33065, below 80%
A -> T, 5, 58046, 58046, below 80%
T -> G, 5, 58068, 58068, below 80%
T -> G, 5, 58047, 58047, below 80%
A -> T, 5, 58057, 58057, below 80%
G -> A, 5, 32847, 32847, below 80%
T -> G, 5, 58067, 58067, below 80%
T -> A, 5, 54993, 54993, below 80%
T -> A, 5, 58039, 58039, below 80%
C -> G, 5, 58043, 58043, below 80%
A -> T, 5, 58051, 58051, below 80%
C -> A, 5, 31861, 31861, below 80%
T -> G, 5, 54992, 54992, below 80%
A -> T, 5, 33038, 33038, below 80%
T -> C, 5, 33068, 33068, below 80%
C -> A, 5, 58037, 58037, below 80%
G -> A, 5, 58050, 58050, below 80%
C -> A, 5, 33063, 33063, below 80%
T -> G, 5, 33072, 33072, below 80%
A -> T, 5, 46715, 46715, below 80%
C -> T, 5, 29290, 29290, below 80%
T -> G, 5, 33133, 33133, below 80%
A -> C, 5, 58036, 58036, below 80%
T -> C, 5, 58052, 58052, below 80%
A -> C, 5, 33064, 33064, below 80%
A -> G, 5, 33134, 33134, below 80%
A -> T, 5, 58035, 58035, below 80%
G -> T, 5, 32872, 32872, below 80%
A -> G, 5, 39801, 39801, below 80%
T -> A, 5, 46712, 46712, below 80%
A -> T, 5, 58026, 58026, below 80%
A -> T, 5, 46691, 46691, below 80%
A -> T, 5, 46699, 46699, below 80%
A -> C, 5, 54997, 54997, below 80%
T -> G, 5, 55865, 55865, below 80%
G -> C, 5, 58030, 58030, below 80%
T -> C, 5, 46714, 46714, below 80%
T -> A, 5, 58031, 58031, below 80%
G -> T, 5, 54998, 54998, below 80%
C -> T, 5, 58008, 58008, below 80%
A -> T, 5, 46713, 46713, below 80%
T -> A, 5, 46707, 46707, below 80%
T -> C, 5, 58034, 58034, below 80%
A -> T, 5, 46704, 46704, below 80%
A -> T, 5, 58009, 58009, below 80%
T -> G, 5, 58016, 58016, below 80%
T -> G, 5, 33039, 33039, below 80%
C -> A, 5, 46701, 46701, below 80%
T -> C, 5, 46711, 46711, below 80%
T -> A, 5, 26541, 26541, below 80%
G -> T, 5, 46716, 46716, below 80%
C -> A, 5, 56870, 56870, below 80%
G -> A, 5, 58029, 58029, below 80%
C -> T, 5, 33022, 33022, below 80%
A -> G, 5, 29273, 29273, below 80%
A -> T, 5, 46697, 46697, below 80%
G -> A, 5, 58006, 58006, below 80%
T -> A, 5, 46700, 46700, below 80%
T -> A, 5, 46718, 46718, below 80%
A -> C, 5, 57999, 57999, below 80%
T -> A, 5, 58013, 58013, below 80%
A -> C, 5, 46710, 46710, below 80%
T -> G, 5, 56868, 56868, below 80%
T -> C, 5, 46702, 46702, below 80%
T -> A, 5, 51795, 51795, below 80%
T -> G, 5, 33020, 33020, below 80%
T -> A, 5, 33021, 33021, below 80%
T -> A, 5, 55000, 55000, below 80%
A -> G, 5, 55004, 55004, below 80%
A -> T, 5, 58007, 58007, below 80%
G -> T, 5, 46717, 46717, below 80%
T -> A, 5, 50198, 50198, below 80%
A -> T, 5, 55007, 55007, below 80%
G -> T, 5, 57992, 57992, below 80%
T -> G, 5, 24718, 24718, below 80%
T -> A, 5, 29289, 29289, below 80%
G -> A, 5, 32831, 32831, below 80%
G -> T, 5, 58000, 58000, below 80%
A -> T, 5, 33019, 33019, below 80%
C -> T, 5, 46690, 46690, below 80%
C -> T, 5, 46696, 46696, below 80%
A -> C, 5, 46723, 46723, below 80%
C -> T, 5, 55006, 55006, below 80%
A -> C, 5, 33017, 33017, below 80%
T -> A, 5, 46720, 46720, below 80%
C -> T, 5, 58014, 58014, below 80%
T -> A, 5, 46693, 46693, below 80%
G -> C, 5, 46703, 46703, below 80%
T -> G, 5, 57994, 57994, below 80%
G -> A, 5, 68362, 68362, below 80%
A -> C, 5, 46688, 46688, below 80%
A -> T, 5, 57993, 57993, below 80%
C -> T, 5, 40204, 40204, below 80%
A -> T, 5, 26546, 26546, below 80%
G -> C, 5, 46682, 46682, below 80%
C -> T, 5, 40198, 40198, below 80%
T -> A, 5, 26545, 26545, below 80%
A -> T, 5, 46722, 46722, below 80%
T -> A, 5, 57995, 57995, below 80%
A -> T, 5, 58015, 58015, below 80%